Array Size,Mean Time (s),Standard Deviation (s)
1.0e+01,0.000265,0.000068
1.0e+02,0.000272,0.000072
1.0e+03,0.000330,0.000121
1.0e+04,0.000841,0.000303
1.0e+05,0.010003,0.001382
1.0e+06,0.108963,0.014162
1.0e+07,1.150634,0.203717
